policy,success,unsafe_cede,reclaim_miss,needless_intervene,chatter,peak_force,recovery_latency,boundary_f1,utility,weight
conf,0.665813,0.194527,0.189293,0.045698,0.234298,3.222861,0.923192,0.441831,0.126669,43200
timer,0.741980,0.122591,0.118301,0.064049,0.269253,2.650394,0.807988,0.593106,0.297658,43200
tqr,0.789137,0.091162,0.088669,0.068322,0.160267,2.404716,0.689802,0.646831,0.421866,43200
tpqr,0.851541,0.040707,0.038525,0.078612,0.110343,2.002075,0.566874,0.717039,0.578496,43200
scalar,0.746919,0.121149,0.117456,0.055456,0.255874,2.640770,0.798517,0.598720,0.310276,43200
field,0.890636,0.020202,0.021669,0.051128,0.018416,1.849709,0.481201,0.711176,0.679714,43200
oracle,0.915424,0.009638,0.008965,0.007877,0.010404,1.758351,0.454074,0.711930,0.737891,43200
